{
  "predictions": "393/Final/subclusters_behavior/test_behavior_tags.json",
  "labels": "393/Final/subclusters_behavior/revised_behavior_tags.json",
  "overall": {
    "reviewed_examples": 300,
    "tag_count": 16,
    "exact_match_accuracy": 0.006666666666666667,
    "mean_jaccard": 0.3382936507936511,
    "hamming_loss": 0.221875,
    "micro_precision": 0.39815590947191953,
    "micro_recall": 0.5778588807785888,
    "micro_f1": 0.47146401985111663,
    "macro_precision": 0.32149281058634194,
    "macro_recall": 0.46583202959386905,
    "macro_f1": 0.31476485856115677
  },
  "per_tag": {
    "boundary_setting": {
      "tp": 15,
      "fp": 18,
      "fn": 0,
      "tn": 267,
      "support": 15,
      "predicted": 33,
      "precision": 0.45454545454545453,
      "recall": 1.0,
      "f1": 0.625
    },
    "cautious_hedging": {
      "tp": 93,
      "fp": 3,
      "fn": 17,
      "tn": 187,
      "support": 110,
      "predicted": 96,
      "precision": 0.96875,
      "recall": 0.8454545454545455,
      "f1": 0.9029126213592233
    },
    "collaborative_revision": {
      "tp": 0,
      "fp": 83,
      "fn": 0,
      "tn": 217,
      "support": 0,
      "predicted": 83,
      "precision": 0.0,
      "recall": 0.0,
      "f1": 0.0
    },
    "creative_generation": {
      "tp": 4,
      "fp": 67,
      "fn": 8,
      "tn": 221,
      "support": 12,
      "predicted": 71,
      "precision": 0.056338028169014086,
      "recall": 0.3333333333333333,
      "f1": 0.0963855421686747
    },
    "defensive_caveating": {
      "tp": 0,
      "fp": 69,
      "fn": 0,
      "tn": 231,
      "support": 0,
      "predicted": 69,
      "precision": 0.0,
      "recall": 0.0,
      "f1": 0.0
    },
    "direct_confidence": {
      "tp": 61,
      "fp": 58,
      "fn": 41,
      "tn": 140,
      "support": 102,
      "predicted": 119,
      "precision": 0.5126050420168067,
      "recall": 0.5980392156862745,
      "f1": 0.5520361990950226
    },
    "expansive_elaboration": {
      "tp": 58,
      "fp": 17,
      "fn": 87,
      "tn": 138,
      "support": 145,
      "predicted": 75,
      "precision": 0.7733333333333333,
      "recall": 0.4,
      "f1": 0.5272727272727273
    },
    "explanatory_reasoning": {
      "tp": 93,
      "fp": 15,
      "fn": 143,
      "tn": 49,
      "support": 236,
      "predicted": 108,
      "precision": 0.8611111111111112,
      "recall": 0.3940677966101695,
      "f1": 0.5406976744186046
    },
    "implementation_assistance": {
      "tp": 0,
      "fp": 23,
      "fn": 0,
      "tn": 277,
      "support": 0,
      "predicted": 23,
      "precision": 0.0,
      "recall": 0.0,
      "f1": 0.0
    },
    "instruction_following": {
      "tp": 9,
      "fp": 109,
      "fn": 4,
      "tn": 178,
      "support": 13,
      "predicted": 118,
      "precision": 0.07627118644067797,
      "recall": 0.6923076923076923,
      "f1": 0.13740458015267176
    },
    "low_affect": {
      "tp": 0,
      "fp": 19,
      "fn": 0,
      "tn": 281,
      "support": 0,
      "predicted": 19,
      "precision": 0.0,
      "recall": 0.0,
      "f1": 0.0
    },
    "polite_warmth": {
      "tp": 3,
      "fp": 63,
      "fn": 2,
      "tn": 232,
      "support": 5,
      "predicted": 66,
      "precision": 0.045454545454545456,
      "recall": 0.6,
      "f1": 0.08450704225352113
    },
    "practical_coaching": {
      "tp": 86,
      "fp": 12,
      "fn": 44,
      "tn": 158,
      "support": 130,
      "predicted": 98,
      "precision": 0.8775510204081632,
      "recall": 0.6615384615384615,
      "f1": 0.7543859649122807
    },
    "source_limited_caution": {
      "tp": 13,
      "fp": 44,
      "fn": 1,
      "tn": 242,
      "support": 14,
      "predicted": 57,
      "precision": 0.22807017543859648,
      "recall": 0.9285714285714286,
      "f1": 0.3661971830985915
    },
    "terse_minimalism": {
      "tp": 40,
      "fp": 98,
      "fn": 0,
      "tn": 162,
      "support": 40,
      "predicted": 138,
      "precision": 0.2898550724637681,
      "recall": 1.0,
      "f1": 0.44943820224719105
    },
    "user_validation": {
      "tp": 0,
      "fp": 20,
      "fn": 0,
      "tn": 280,
      "support": 0,
      "predicted": 20,
      "precision": 0.0,
      "recall": 0.0,
      "f1": 0.0
    }
  },
  "primary_confusion_matrix": {
    "accuracy": 0.14333333333333334,
    "total": 300,
    "labels": [
      "boundary_setting",
      "cautious_hedging",
      "collaborative_revision",
      "creative_generation",
      "defensive_caveating",
      "direct_confidence",
      "expansive_elaboration",
      "explanatory_reasoning",
      "implementation_assistance",
      "instruction_following",
      "low_affect",
      "polite_warmth",
      "practical_coaching",
      "source_limited_caution",
      "terse_minimalism",
      "user_validation"
    ],
    "matrix": {
      "boundary_setting": {
        "boundary_setting": 12,
        "cautious_hedging": 0,
        "collaborative_revision": 0,
        "creative_generation": 1,
        "defensive_caveating": 0,
        "direct_confidence": 0,
        "expansive_elaboration": 0,
        "explanatory_reasoning": 0,
        "implementation_assistance": 0,
        "instruction_following": 0,
        "low_affect": 0,
        "polite_warmth": 0,
        "practical_coaching": 0,
        "source_limited_caution": 2,
        "terse_minimalism": 0,
        "user_validation": 0
      },
      "cautious_hedging": {
        "boundary_setting": 0,
        "cautious_hedging": 2,
        "collaborative_revision": 0,
        "creative_generation": 0,
        "defensive_caveating": 2,
        "direct_confidence": 0,
        "expansive_elaboration": 0,
        "explanatory_reasoning": 0,
        "implementation_assistance": 0,
        "instruction_following": 0,
        "low_affect": 0,
        "polite_warmth": 1,
        "practical_coaching": 0,
        "source_limited_caution": 10,
        "terse_minimalism": 0,
        "user_validation": 1
      },
      "collaborative_revision": {
        "boundary_setting": 0,
        "cautious_hedging": 0,
        "collaborative_revision": 0,
        "creative_generation": 0,
        "defensive_caveating": 0,
        "direct_confidence": 0,
        "expansive_elaboration": 0,
        "explanatory_reasoning": 0,
        "implementation_assistance": 0,
        "instruction_following": 0,
        "low_affect": 0,
        "polite_warmth": 0,
        "practical_coaching": 0,
        "source_limited_caution": 0,
        "terse_minimalism": 0,
        "user_validation": 0
      },
      "creative_generation": {
        "boundary_setting": 1,
        "cautious_hedging": 1,
        "collaborative_revision": 0,
        "creative_generation": 0,
        "defensive_caveating": 0,
        "direct_confidence": 0,
        "expansive_elaboration": 0,
        "explanatory_reasoning": 0,
        "implementation_assistance": 0,
        "instruction_following": 1,
        "low_affect": 0,
        "polite_warmth": 1,
        "practical_coaching": 0,
        "source_limited_caution": 1,
        "terse_minimalism": 6,
        "user_validation": 1
      },
      "defensive_caveating": {
        "boundary_setting": 0,
        "cautious_hedging": 0,
        "collaborative_revision": 0,
        "creative_generation": 0,
        "defensive_caveating": 0,
        "direct_confidence": 0,
        "expansive_elaboration": 0,
        "explanatory_reasoning": 0,
        "implementation_assistance": 0,
        "instruction_following": 0,
        "low_affect": 0,
        "polite_warmth": 0,
        "practical_coaching": 0,
        "source_limited_caution": 0,
        "terse_minimalism": 0,
        "user_validation": 0
      },
      "direct_confidence": {
        "boundary_setting": 1,
        "cautious_hedging": 0,
        "collaborative_revision": 0,
        "creative_generation": 0,
        "defensive_caveating": 0,
        "direct_confidence": 0,
        "expansive_elaboration": 0,