{
  "predictions": "corrected/subclusters_behavior_train/test_behavior_tags_revised_matrix_threshold_-0.5.json",
  "labels": "subclusters_behavior/revised_behavior_tags.json",
  "overall": {
    "reviewed_examples": 300,
    "tag_count": 15,
    "exact_match_accuracy": 0.016666666666666666,
    "mean_jaccard": 0.4130000000000007,
    "hamming_loss": 0.20266666666666666,
    "micro_precision": 0.4639423076923077,
    "micro_recall": 0.7043795620437956,
    "micro_f1": 0.5594202898550724,
    "macro_precision": 0.354615160437514,
    "macro_recall": 0.540699459107339,
    "macro_f1": 0.36329091491805954
  },
  "per_tag": {
    "boundary_setting": {
      "tp": 15,
      "fp": 16,
      "fn": 0,
      "tn": 269,
      "support": 15,
      "predicted": 31,
      "precision": 0.4838709677419355,
      "recall": 1.0,
      "f1": 0.6521739130434783
    },
    "cautious_hedging": {
      "tp": 97,
      "fp": 0,
      "fn": 13,
      "tn": 190,
      "support": 110,
      "predicted": 97,
      "precision": 1.0,
      "recall": 0.8818181818181818,
      "f1": 0.9371980676328503
    },
    "creative_generation": {
      "tp": 2,
      "fp": 92,
      "fn": 10,
      "tn": 196,
      "support": 12,
      "predicted": 94,
      "precision": 0.02127659574468085,
      "recall": 0.16666666666666666,
      "f1": 0.03773584905660377
    },
    "defensive_caveating": {
      "tp": 0,
      "fp": 27,
      "fn": 0,
      "tn": 273,
      "support": 0,
      "predicted": 27,
      "precision": 0.0,
      "recall": 0.0,
      "f1": 0.0
    },
    "direct_confidence": {
      "tp": 71,
      "fp": 59,
      "fn": 31,
      "tn": 139,
      "support": 102,
      "predicted": 130,
      "precision": 0.5461538461538461,
      "recall": 0.696078431372549,
      "f1": 0.6120689655172412
    },
    "expansive_elaboration": {
      "tp": 66,
      "fp": 17,
      "fn": 79,
      "tn": 138,
      "support": 145,
      "predicted": 83,
      "precision": 0.7951807228915663,
      "recall": 0.45517241379310347,
      "f1": 0.5789473684210527
    },
    "explanatory_reasoning": {
      "tp": 175,
      "fp": 12,
      "fn": 61,
      "tn": 52,
      "support": 236,
      "predicted": 187,
      "precision": 0.9358288770053476,
      "recall": 0.7415254237288136,
      "f1": 0.8274231678486997
    },
    "implementation_assistance": {
      "tp": 0,
      "fp": 23,
      "fn": 0,
      "tn": 277,
      "support": 0,
      "predicted": 23,
      "precision": 0.0,
      "recall": 0.0,
      "f1": 0.0
    },
    "instruction_following": {
      "tp": 12,
      "fp": 87,
      "fn": 1,
      "tn": 200,
      "support": 13,
      "predicted": 99,
      "precision": 0.12121212121212122,
      "recall": 0.9230769230769231,
      "f1": 0.21428571428571427
    },
    "low_affect": {
      "tp": 0,
      "fp": 71,
      "fn": 0,
      "tn": 229,
      "support": 0,
      "predicted": 71,
      "precision": 0.0,
      "recall": 0.0,
      "f1": 0.0
    },
    "polite_warmth": {
      "tp": 3,
      "fp": 68,
      "fn": 2,
      "tn": 227,
      "support": 5,
      "predicted": 71,
      "precision": 0.04225352112676056,
      "recall": 0.6,
      "f1": 0.07894736842105261
    },
    "practical_coaching": {
      "tp": 84,
      "fp": 11,
      "fn": 46,
      "tn": 159,
      "support": 130,
      "predicted": 95,
      "precision": 0.8842105263157894,
      "recall": 0.6461538461538462,
      "f1": 0.7466666666666666
    },
    "source_limited_caution": {
      "tp": 14,
      "fp": 85,
      "fn": 0,
      "tn": 201,
      "support": 14,
      "predicted": 99,
      "precision": 0.1414141414141414,
      "recall": 1.0,
      "f1": 0.24778761061946902
    },
    "terse_minimalism": {
      "tp": 40,
      "fp": 75,
      "fn": 0,
      "tn": 185,
      "support": 40,
      "predicted": 115,
      "precision": 0.34782608695652173,
      "recall": 1.0,
      "f1": 0.5161290322580645
    },
    "user_validation": {
      "tp": 0,
      "fp": 26,
      "fn": 0,
      "tn": 274,
      "support": 0,
      "predicted": 26,
      "precision": 0.0,
      "recall": 0.0,
      "f1": 0.0
    }
  },
  "primary_confusion_matrix": {
    "accuracy": 0.16,
    "total": 300,
    "labels": [
      "boundary_setting",
      "cautious_hedging",
      "creative_generation",
      "defensive_caveating",
      "direct_confidence",
      "expansive_elaboration",
      "explanatory_reasoning",
      "implementation_assistance",
      "instruction_following",
      "low_affect",
      "polite_warmth",
      "practical_coaching",
      "source_limited_caution",
      "terse_minimalism",
      "user_validation"
    ],
    "matrix": {
      "boundary_setting": {
        "boundary_setting": 2,
        "cautious_hedging": 0,
        "creative_generation": 0,
        "defensive_caveating": 0,
        "direct_confidence": 0,
        "expansive_elaboration": 0,
        "explanatory_reasoning": 0,
        "implementation_assistance": 0,
        "instruction_following": 0,
        "low_affect": 0,
        "polite_warmth": 0,
        "practical_coaching": 0,
        "source_limited_caution": 13,
        "terse_minimalism": 0,
        "user_validation": 0
      },
      "cautious_hedging": {
        "boundary_setting": 0,
        "cautious_hedging": 4,
        "creative_generation": 0,
        "defensive_caveating": 5,
        "direct_confidence": 0,
        "expansive_elaboration": 0,
        "explanatory_reasoning": 0,
        "implementation_assistance": 0,
        "instruction_following": 0,
        "low_affect": 0,
        "polite_warmth": 1,
        "practical_coaching": 0,
        "source_limited_caution": 4,
        "terse_minimalism": 1,
        "user_validation": 1
      },
      "creative_generation": {
        "boundary_setting": 1,
        "cautious_hedging": 2,
        "creative_generation": 0,
        "defensive_caveating": 0,
        "direct_confidence": 5,
        "expansive_elaboration": 0,
        "explanatory_reasoning": 0,
        "implementation_assistance": 0,
        "instruction_following": 1,
        "low_affect": 0,
        "polite_warmth": 2,
        "practical_coaching": 0,
        "source_limited_caution": 1,
        "terse_minimalism": 0,
        "user_validation": 0
      },
      "defensive_caveating": {
        "boundary_setting": 0,
        "cautious_hedging": 0,
        "creative_generation": 0,
        "defensive_caveating": 0,
        "direct_confidence": 0,
        "expansive_elaboration": 0,
        "explanatory_reasoning": 0,
        "implementation_assistance": 0,
        "instruction_following": 0,
        "low_affect": 0,
        "polite_warmth": 0,
        "practical_coaching": 0,
        "source_limited_caution": 0,
        "terse_minimalism": 0,
        "user_validation": 0
      },
      "direct_confidence": {
        "boundary_setting": 0,
        "cautious_hedging": 0,
        "creative_generation": 0,
        "defensive_caveating": 0,
        "direct_confidence": 4,
        "expansive_elaboration": 0,
        "explanatory_reasoning": 0,
        "implementation_assistance": 0,
        "instruction_following": 0,
        "low_affect": 0,
        "polite_warmth": 0,
        "practical_coaching": 0,
        "source_limited_caution": 1,
        "terse_minimalism": 24,
        "user_validation": 0
      },
      "expansive_elaboration": {
        "boundary_setting": 0,
        "cautious_hedging": 7,
        "creative_generation": 26,
        "defensive_caveating": 0,
        "direct_confidence": 9,
        "expansive_elaboration": 4,
        "explanatory_reasoning": 8,
        "implementation_assistance": 3,
        "instruction_following": 5,
        "low_affect": 0,
        "polite_warmth": 13,
        "practical_coaching": 0,
        "source_limited_caution": 4,
        "terse_minimalism": 0,
        "user_validation": 0
      },
      "explanatory_reasoning": {
        "boundary_setting": 0,
        "cautious_hedging": 0,
        "creative_generation": 0,